metric,baseline,hgb
MAE,0.0035262912266780864,0.0038255507102115723
